,Image,RAM_Tags,YOLO_Tags
0,70.jpg,car | city street | cross | crosswalk | person | intersection | man | pavement | pedestrian | road | street corner | walk,"9 person, 5 car"
1,84.jpg,car | city street | cross | crosswalk | person | intersection | man | pavement | pedestrian | road | street corner | walk,"8 person, 4 car, 1 traffic light"
2,98.jpg,car | city street | cross | crosswalk | person | intersection | man | pavement | pedestrian | road | street corner | walk | zebra crossing,"8 person, 2 car"
3,112.jpg,city street | cross | crosswalk | person | man | pavement | push | ride | road | scooter | shirt | skateboard | skateboarder | street corner | walk,"7 person, 2 car"
4,126.jpg,boy | city street | cross | crosswalk | person | skate | man | pavement | push | ride | road | scooter | skateboard | skateboarder | street corner,"8 person, 4 car, 1 traffic light, 1 skateboard"
5,140.jpg,baby carriage | child | city street | cross | crosswalk | person | man | pavement | pedestrian | push | road | street corner | walk | woman,"8 person, 3 car, 1 traffic light, 1 skateboard"
6,154.jpg,baby carriage | child | city street | cross | crosswalk | person | man | pavement | pedestrian | push | road | street corner | walk,"7 person, 3 car"
7,168.jpg,baby carriage | car | cart | city street | cross | crosswalk | drag | person | intersection | man | pavement | push | road | shopping bag | street corner | walk | woman,"5 person, 3 car"
8,182.jpg,car | city street | cross | crosswalk | person | intersection | man | pavement | push | ride | road | scooter | skateboard | skateboarder | street corner | walk,"6 person, 4 car, 1 traffic light"
9,196.jpg,car | city street | cross | crosswalk | person | skate | intersection | man | pavement | road | skateboarder | street corner | walk,"5 person, 2 car"
10,210.jpg,city street | cross | crosswalk | person | intersection | man | pavement | road | shirt | street corner | walk,"4 person, 2 car, 1 traffic light"
11,224.jpg,boy | car | child | city street | cross | crosswalk | person | man | pavement | road | shirt | shopping bag | street corner | walk,"4 person, 5 car, 1 traffic light"
12,238.jpg,car | city street | cross | crosswalk | person | intersection | man | pavement | red | ride | road | scooter | shirt | stand | street corner,"4 person, 4 car, 1 traffic light"
13,252.jpg,car | city street | cross | crosswalk | person | intersection | man | pavement | red | road | shirt | stand | street corner | walk,"5 person, 2 car"
14,266.jpg,car | city street | crack | cross | crosswalk | person | intersection | man | pavement | road | stand | street corner | walk,"5 person, 3 car"
15,280.jpg,building | car | city street | crack | cross | crosswalk | person | intersection | man | pavement | road | street corner | street sign | walk,"4 person, 2 car, 1 traffic light"
16,294.jpg,building | car | city street | crack | cross | crosswalk | person | intersection | man | pavement | ride | road | scooter | street corner | street sign | walk,"6 person, 3 car, 1 traffic light"
17,308.jpg,building | car | city street | crack | cross | crosswalk | person | intersection | pavement | road | street corner | street sign | walk,"5 person, 2 car, 1 traffic light"
18,322.jpg,building | car | city street | crack | cross | crosswalk | person | intersection | pavement | road | street corner | street sign | walk,"6 person, 2 car, 1 traffic light"
19,336.jpg,building | car | city street | cross | crosswalk | person | intersection | man | pavement | road | street corner | walk,"5 person, 3 car, 1 traffic light"
20,350.jpg,cane | car | city street | cross | crosswalk | crutch | person | man | pavement | road | street corner | walk,"7 person, 3 car, 1 traffic light, 1 backpack"
21,364.jpg,car | city street | crack | cross | crosswalk | person | intersection | jog | man | pavement | road | street corner | walk,"7 person, 3 car, 1 traffic light, 1 backpack, 1 handbag"
22,378.jpg,car | city street | crack | cross | crosswalk | person | intersection | man | pavement | road | spray | street corner | walk,"8 person, 4 car, 1 traffic light, 1 backpack"
23,392.jpg,car | city street | crack | cross | crosswalk | person | intersection | jog | man | pavement | road | street corner | walk | woman,"9 person, 3 car, 1 traffic light, 1 backpack"
24,406.jpg,car | city street | cross | crosswalk | person | intersection | jog | man | pavement | pedestrian | road | street corner | walk | woman | zebra crossing,"7 person, 3 car, 1 traffic light, 1 backpack"
25,420.jpg,car | city street | cross | crosswalk | person | intersection | jog | man | road | street corner | walk | woman,"6 person, 3 car, 1 traffic light, 1 skateboard"
26,434.jpg,car | city street | cross | crosswalk | person | jog | man | marathon | road | shirt | walk,"5 person, 3 car, 1 traffic light"
27,448.jpg,city street | cross | crosswalk | person | jog | man | marathon | pavement | road | run | shirt | street corner | walk,"6 person, 3 car, 1 traffic light"
28,462.jpg,city street | crack | cross | crosswalk | person | jog | man | pavement | puddle | road | run | runner | shirt | spray | street corner | white,"8 person, 2 car, 1 traffic light"
29,476.jpg,city street | clean | crack | hose | man | pavement | road | shoe | skateboarder | spray | street corner | walk | wash,"8 person, 3 car, 1 traffic light"
30,490.jpg,city street | cross | person | jog | man | pavement | road | shirt | skateboarder | street corner | walk | wear | white,"10 person, 2 car, 1 traffic light, 1 skateboard"
31,504.jpg,car | catch | city street | cross | crosswalk | person | intersection | man | pavement | road | spray | street corner | umbrella | walk,"8 person, 5 car"
32,518.jpg,car | city street | cross | crosswalk | person | intersection | man | pavement | road | stand | street corner | walk | woman,"7 person, 5 car"
33,532.jpg,belly | car | city street | cross | crosswalk | hip | person | intersection | man | pavement | road | stand | street corner | walk | woman,"9 person, 5 car"
34,546.jpg,car | city street | cross | crosswalk | person | intersection | man | pavement | road | stand | street corner | walk | woman,"5 person, 4 car, 1 traffic light, 1 handbag"
35,560.jpg,car | city street | cross | crosswalk | curb | person | man | pavement | road | spray | stand | street corner | walk | wash,"5 person, 5 car, 1 traffic light"
36,574.jpg,cane | car | city street | cross | crosswalk | person | luggage | man | pavement | pedestrian | road | stand | street corner | walk,"6 person, 7 car, 1 traffic light"
37,588.jpg,bag | car | city street | cross | crosswalk | drag | person | luggage | man | pavement | pedestrian | pull | red | road | street corner | walk | woman,"8 person, 5 car, 1 traffic light, 1 handbag, 1 suitcase"
38,602.jpg,bag | carry | city street | cross | crosswalk | drag | person | luggage | man | pavement | pull | push | red | road | street corner | walk,"8 person, 5 car, 1 traffic light, 1 suitcase"
39,616.jpg,car | city street | cross | crosswalk | person | intersection | man | pavement | push | road | scooter | segway | street corner | vacuum | walk,"8 person, 4 car, 1 traffic light, 1 suitcase"
40,630.jpg,car | city street | cross | crosswalk | person | intersection | man | pavement | pedestrian | push | road | scooter | street corner | walk | woman,"6 person, 5 car, 1 traffic light, 1 handbag, 1 suitcase"
41,644.jpg,car | city street | cross | crosswalk | person | intersection | man | pavement | ride | road | scooter | segway | street corner | walk | woman,"6 person, 5 car"
42,658.jpg,car | city street | cross | crosswalk | person | intersection | man | pavement | pedestrian | road | street corner | walk,"7 person, 1 bicycle, 6 car, 1 traffic light, 1 suitcase"
43,672.jpg,car | city street | cross | crosswalk | person | intersection | pavement | pedestrian | road | street corner | walk,"6 person, 6 car, 1 handbag, 1 suitcase"
44,686.jpg,car | city street | cross | crosswalk | person | intersection | pavement | pedestrian | road | street corner | walk,"5 person, 5 car"
45,700.jpg,car | city street | cross | crosswalk | person | intersection | man | pavement | pedestrian | road | street corner | walk,"8 person, 6 car, 1 traffic light, 1 suitcase"
46,714.jpg,car | city street | cross | crosswalk | person | intersection | man | pavement | pedestrian | road | spray | street corner | walk | woman,"7 person, 3 car, 1 traffic light"
47,728.jpg,car | city street | cross | crosswalk | person | intersection | man | pavement | road | street corner | walk | woman,"4 person, 3 car"
48,742.jpg,car | city street | cross | crosswalk | person | intersection | man | pavement | pedestrian | road | street corner | walk,"6 person, 5 car, 1 traffic light"
49,756.jpg,car | city street | cross | crosswalk | person | man | pavement | pedestrian | road | street corner | walk,"9 person, 1 bicycle, 4 car, 1 traffic light"
50,770.jpg,car | city street | cross | crosswalk | drive | person | intersection | man | pavement | pedestrian | road | sedan | street corner | walk,"11 person, 5 car"
51,784.jpg,building | car | city street | curb | drive | intersection | license plate | park | pavement | road | sedan | street corner | suv,"1 person, 3 car, 1 traffic light"
52,798.jpg,car | city street | cross | crosswalk | person | intersection | man | pavement | pedestrian | road | street corner | walk,"9 person, 3 car"
53,812.jpg,car | city street | cross | crosswalk | person | intersection | man | pavement | pedestrian | road | street corner | walk,"5 person, 2 car, 2 motorcycle, 1 traffic light"
54,826.jpg,baby carriage | car | child | city street | cross | crosswalk | person | intersection | man | pedestrian | push | ride | road | scooter | street corner | tricycle | walk,"2 person, 2 car, 1 motorcycle, 1 traffic light"
55,840.jpg,car | city street | cross | crosswalk | person | intersection | man | pavement | road | shirt | street corner | walk | woman | zebra crossing,"6 person, 2 car, 1 traffic light"
56,854.jpg,car | city street | cross | crosswalk | direct | person | intersection | man | officer | road | street corner | walk | zebra crossing,"8 person, 3 car, 1 traffic light"
57,868.jpg,car | city street | cross | crosswalk | guard | intersection | man | officer | pavement | police | road | street corner | walk | woman | zebra crossing,"5 person, 3 car"
58,882.jpg,car | city street | cross | crosswalk | guard | man | officer | pavement | police | road | spray | street corner | walk,"7 person, 5 car, 1 traffic light"
59,896.jpg,car | city street | guard | man | officer | pavement | police | road | street corner | uniform | walk,"5 person, 3 car, 1 traffic light"
60,910.jpg,car | city street | direct | guard | officer | pavement | police | road | stand | street corner | uniform | walk,"2 person, 4 car"
61,924.jpg,building | car | city street | crosswalk | curb | drive | intersection | pavement | road | sedan | traffic light | street corner | white,"4 person, 4 car"
62,938.jpg,building | car | city street | crosswalk | curb | drive | intersection | pavement | road | sedan | street corner | white,"4 person, 6 car"
63,952.jpg,building | car | city street | curb | drive | intersection | park | road | sedan | street corner | white,"4 person, 6 car"
64,966.jpg,building | car | city street | crosswalk | curb | drive | intersection | park | pavement | road | sedan | street corner | white,3 car
65,980.jpg,building | car | city street | crosswalk | curb | drive | intersection | pavement | road | street corner | street sign | suv,"7 person, 3 car"
66,994.jpg,building | car | city street | crosswalk | curb | drive | intersection | license plate | pavement | road | sedan | street corner | suv | vehicle,"3 person, 5 car"
67,1008.jpg,building | car | city street | curb | drive | intersection | license plate | pavement | road | sedan | street corner | suv,"2 person, 5 car"
68,1022.jpg,building | car | city street | crack | crosswalk | curb | drive | intersection | pavement | road | street corner | street sign,"1 person, 5 car"
69,1036.jpg,building | car | city street | crack | crosswalk | curb | drive | intersection | pavement | road | street corner | street sign,"3 person, 4 car"
70,1050.jpg,building | car | city street | crack | cross | crosswalk | curb | person | intersection | man | pavement | road | street corner | street sign | walk,"5 person, 3 car"
71,1064.jpg,cane | city street | crack | cross | crosswalk | person | man | pavement | pedestrian | road | spray | street corner | walk,"5 person, 3 car"
72,1078.jpg,blue | car | city street | crack | cross | crosswalk | person | man | pavement | road | street corner | walk,"5 person, 3 car, 1 backpack"
73,1092.jpg,car | city street | cross | crosswalk | person | intersection | man | pavement | ride | road | skateboard | skateboarder | street corner | walk,"4 person, 4 car"
74,1106.jpg,car | city street | cross | crosswalk | person | intersection | jog | man | pavement | road | street corner | walk | woman,"5 person, 3 car"
75,1120.jpg,car | city street | cross | crosswalk | person | intersection | jog | man | pavement | road | street corner | walk,"4 person, 4 car"
76,1134.jpg,car | city street | cross | crosswalk | person | intersection | man | pavement | pedestrian | road | street corner | walk,"5 person, 3 car"
77,1148.jpg,biker | car | city street | cross | crosswalk | person | intersection | man | pavement | ride | road | street corner | walk,"5 person, 4 car"
78,1162.jpg,building | car | city street | cross | crosswalk | person | intersection | man | pavement | road | street corner | street sign | walk,"4 person, 4 car"
79,1176.jpg,building | car | city street | cross | crosswalk | person | intersection | man | pavement | road | street corner | street sign | walk,"5 person, 4 car"
80,1190.jpg,building | car | city street | cross | crosswalk | person | intersection | man | pavement | road | street corner | street sign | walk,"5 person, 4 car"
81,1204.jpg,building | car | city street | cross | crosswalk | person | intersection | pavement | road | street corner | street sign | walk,"5 person, 4 car"
82,1218.jpg,building | car | city street | crack | crosswalk | curb | intersection | pavement | road | street corner | street sign,"4 person, 4 car"
83,1232.jpg,bicycle | biker | bike lane | car | city street | cross | crosswalk | person | intersection | man | ride | road | street corner,"4 person, 4 car, 1 motorcycle"
84,1246.jpg,bicycle | biker | bike lane | car | city street | cross | crosswalk | person | intersection | man | pavement | ride | road | street corner,"5 person, 4 car, 1 motorcycle"
85,1260.jpg,building | car | city street | crack | crosswalk | curb | intersection | pavement | road | street corner | street sign,"5 person, 4 car"
86,1274.jpg,building | car | city street | crack | crosswalk | curb | drive | intersection | pavement | road | street corner | street sign,"5 person, 3 car"
87,1288.jpg,car | city street | cross | crosswalk | girl | person | pavement | road | street corner | umbrella | walk | woman,"7 person, 4 car"
88,1302.jpg,cane | city street | cross | crosswalk | green | person | pavement | road | shopping bag | street corner | walk | woman,"7 person, 3 car"
89,1316.jpg,boy | catch | child | cross | crosswalk | hand | girl | pavement | road | shopping bag | street corner | walk | woman,"8 person, 4 car"
90,1330.jpg,car | city street | cross | crosswalk | green | person | intersection | pavement | road | street corner | walk | woman,"8 person, 4 car, 1 handbag"
91,1344.jpg,car | city street | couple | cross | crosswalk | person | intersection | man | pavement | pedestrian | road | street corner | walk | woman,"7 person, 4 car"
92,1358.jpg,car | city street | cross | crosswalk | person | intersection | pavement | pedestrian | road | shopping bag | street corner | walk | woman,"8 person, 4 car"
93,1372.jpg,car | city street | couple | cross | crosswalk | person | intersection | man | pavement | pedestrian | road | shopping bag | street corner | walk | woman,"7 person, 3 car"
94,1386.jpg,car | city street | cross | crosswalk | person | intersection | man | pavement | pedestrian | road | street corner | walk | woman,"8 person, 4 car, 1 handbag"
95,1400.jpg,car | city street | cross | crosswalk | person | intersection | man | pavement | pedestrian | road | street corner | walk,"6 person, 4 car"
96,1414.jpg,building | car | city street | crack | cross | crosswalk | person | intersection | pavement | road | street corner | street sign | walk,"5 person, 4 car"
97,1428.jpg,building | car | city street | cross | crosswalk | person | intersection | pavement | road | street corner | street sign | walk,"5 person, 4 car"
98,1442.jpg,building | car | city street | crack | cross | crosswalk | curb | person | intersection | pavement | road | street corner | street sign | walk,"6 person, 4 car"
99,1456.jpg,building | car | city street | crack | crosswalk | curb | drive | intersection | pavement | road | street corner | street sign,"6 person, 3 car"
100,1470.jpg,building | car | city street | crack | crosswalk | curb | person | intersection | pavement | road | street corner | street sign,"6 person, 4 car"
101,1484.jpg,building | car | city street | crack | crosswalk | curb | person | intersection | pavement | road | street corner | street sign | walk,"5 person, 4 car"
102,1498.jpg,building | car | city street | crack | crosswalk | curb | drive | person | intersection | pavement | road | street corner | street sign,"6 person, 4 car"
103,1512.jpg,building | car | city street | crack | cross | crosswalk | curb | person | intersection | pavement | road | street corner | street sign | walk,"4 person, 4 car"
104,1526.jpg,building | car | city street | crack | crosswalk | curb | person | intersection | pavement | road | street corner | street sign,"5 person, 4 car"
105,1540.jpg,building | car | city street | crack | cross | crosswalk | curb | person | intersection | pavement | road | street corner | street sign | walk,"4 person, 4 car"
106,1554.jpg,building | car | city street | crack | cross | crosswalk | curb | drive | person | intersection | pavement | road | street corner | street sign | walk,"5 person, 4 car"
107,1568.jpg,building | car | city street | crack | cross | crosswalk | person | intersection | pavement | road | street corner | street sign | walk,"5 person, 4 car"
108,1582.jpg,building | car | city street | cross | crosswalk | person | intersection | man | pavement | ride | road | skateboarder | street corner | walk,"5 person, 4 car"
109,1596.jpg,car | city street | crack | cross | crosswalk | person | intersection | man | pavement | pedestrian | road | street corner | umbrella | walk | woman,"7 person, 4 car"
110,1610.jpg,city street | cross | crosswalk | dress | person | intersection | man | pavement | road | street corner | walk | woman,"9 person, 4 car"
111,1624.jpg,city street | cross | crosswalk | dress | person | intersection | man | pavement | pedestrian | road | street corner | walk | woman,"10 person, 3 car, 1 dog"
112,1638.jpg,city street | cross | crosswalk | person | intersection | man | pavement | pedestrian | road | street corner | walk | zebra crossing,"9 person, 4 car, 1 traffic light"
113,1652.jpg,city street | cross | crosswalk | person | man | pavement | road | street corner | walk | woman,"9 person, 5 car"
114,1666.jpg,arm | boy | child | cross | crosswalk | person | man | pavement | polo shirt | puddle | road | shirt | short | street corner | stretch | walk | white,"9 person, 4 car"
115,1680.jpg,city street | cross | crosswalk | person | man | pavement | phone | road | selfie | street corner | take | walk,"9 person, 3 car"
116,1694.jpg,city street | cross | crosswalk | person | man | pavement | road | shirt | short | skateboarder | street corner | walk | white,"9 person, 2 car"
117,1708.jpg,city street | cross | crosswalk | person | skate | man | pavement | ride | road | scooter | skateboard | skateboarder | street corner | walk,"8 person, 2 car"
118,1722.jpg,cane | city street | crack | cross | crosswalk | person | leash | man | pavement | pedestrian | road | street corner | walk,"7 person, 4 car"
119,1736.jpg,car | city street | cross | crosswalk | person | intersection | jeans | man | pavement | pedestrian | road | street corner | walk | zebra crossing,"7 person, 3 car"
120,1750.jpg,car | city street | cross | crosswalk | person | intersection | man | pavement | pedestrian | road | street corner | walk | woman,"9 person, 3 car"
121,1764.jpg,car | city street | couple | cross | crosswalk | person | intersection | man | pavement | pedestrian | road | street corner | walk,"8 person, 3 car"
122,1778.jpg,city street | cross | crosswalk | person | intersection | man | pavement | pedestrian | road | street corner | walk,"9 person, 3 car"
123,1792.jpg,city street | cross | crosswalk | person | man | pavement | pedestrian | road | walk,"9 person, 2 car, 1 backpack"
124,1806.jpg,city street | crack | cross | crosswalk | person | jumpsuit | man | pavement | road | street corner | walk | woman,"10 person, 4 car, 1 umbrella"
125,1820.jpg,car | city street | crack | cross | crosswalk | dress | person | jumpsuit | pavement | puddle | road | street corner | walk | woman,"6 person, 4 car"
126,1834.jpg,city street | cross | crosswalk | dress | person | jumpsuit | pavement | road | sandal | street corner | tan | walk | woman,"8 person, 1 bicycle, 4 car, 1 motorcycle"
127,1848.jpg,child | city street | cross | crosswalk | girl | person | pavement | road | sandal | shoe | street corner | walk | woman,"7 person, 1 bicycle, 3 car"
128,1862.jpg,bicycle | bicycle helmet | biker | car | child | city street | cross | girl | person | skate | man | pavement | push | ride | road | roller skate | scooter | street corner | walk | woman,"5 person, 2 bicycle, 5 car"
129,1876.jpg,bicycle | bicycle helmet | biker | car | city street | cross | crosswalk | person | man | pavement | ride | road | street corner | umbrella | walk,"7 person, 1 bicycle, 4 car"
130,1890.jpg,bicycle | biker | car | city street | cross | crosswalk | person | intersection | man | pavement | pedestrian | ride | road | street corner | walk,"9 person, 1 bicycle, 2 car, 1 backpack, 1 handbag"
131,1904.jpg,city street | cross | crosswalk | person | intersection | man | pavement | pedestrian | ride | road | skateboarder | street corner | walk,"10 person, 1 bicycle, 3 car, 1 backpack"
132,1918.jpg,city street | cross | crosswalk | person | man | pavement | road | street corner | walk,"8 person, 1 bicycle, 3 car, 1 backpack"
133,1932.jpg,city street | cross | crosswalk | hose | person | man | pavement | puddle | road | spray | street corner | walk | wash | water,"8 person, 3 car, 1 backpack"
134,1946.jpg,city street | cross | crosswalk | person | man | pavement | pedestrian | road | street corner | walk | woman,"11 person, 2 car, 1 backpack"
135,1960.jpg,car | city street | cross | crosswalk | person | intersection | pavement | pedestrian | road | street corner | walk | woman,"10 person, 4 car, 1 backpack, 1 skateboard"
136,1974.jpg,car | city street | cross | crosswalk | person | intersection | pavement | pedestrian | road | street corner | walk | zebra crossing,"11 person, 4 car, 1 backpack"
137,1988.jpg,car | city street | cross | crosswalk | person | intersection | jog | pavement | pedestrian | road | street corner | walk | woman | zebra crossing,"9 person, 2 car, 1 backpack"
138,2002.jpg,car | city street | cross | crosswalk | person | intersection | jacket | pavement | pedestrian | pink | road | street corner | walk | woman,"10 person, 2 car, 1 backpack"
139,2016.jpg,car | city street | cross | crosswalk | girl | person | intersection | jog | pavement | pink | road | shirt | street corner | walk | woman,"12 person, 5 car"
140,2030.jpg,city street | cross | crosswalk | girl | person | skate | pavement | pink | ride | road | shirt | street corner | walk | woman,"9 person, 4 car"
141,2044.jpg,car | city street | cross | crosswalk | person | intersection | pavement | pedestrian | road | street corner | walk,"10 person, 2 car"
142,2058.jpg,building | car | city street | cross | crosswalk | person | intersection | pavement | pedestrian | road | street corner | walk,"7 person, 4 car"
143,2072.jpg,building | car | city street | cross | crosswalk | person | intersection | pavement | pedestrian | road | street corner | walk,"7 person, 3 car"
144,2086.jpg,building | car | city street | cross | crosswalk | drive | person | intersection | pavement | road | street corner | walk,"8 person, 4 car"
145,2100.jpg,building | car | city street | crack | cross | crosswalk | person | intersection | pavement | pedestrian | road | street corner | walk,"7 person, 3 car"
146,2114.jpg,building | car | city street | crack | cross | crosswalk | person | intersection | pavement | pedestrian | road | street corner | walk,"6 person, 4 car, 1 traffic light"
147,2128.jpg,car | city street | crack | cross | crosswalk | person | intersection | man | pavement | road | street corner | walk,"7 person, 4 car"
148,2142.jpg,car | city street | cross | crosswalk | person | man | pavement | road | sandal | street corner | walk | woman,"1 person, 6 car, 2 handbag"
149,2156.jpg,car | city street | cross | crosswalk | dress | person | pavement | road | street corner | walk | woman,"6 person, 4 car, 1 truck, 2 handbag"
150,2170.jpg,car | city street | cross | crosswalk | person | man | pavement | road | street corner | walk,"8 person, 4 car, 1 backpack, 1 handbag"
151,2184.jpg,car | city street | cross | crosswalk | person | intersection | man | pavement | road | stand | street corner | walk | woman,"9 person, 2 car, 1 backpack"
152,2198.jpg,car | city street | cross | crosswalk | dress | person | intersection | man | pavement | road | street corner | walk | woman,"10 person, 2 car, 1 handbag"
153,2212.jpg,car | city street | cross | crosswalk | person | intersection | man | pavement | road | street corner | walk | woman,"9 person, 2 car"
154,2226.jpg,car | city street | cross | crosswalk | person | intersection | man | pavement | road | street corner | walk | woman,"8 person, 2 car"
155,2240.jpg,car | city street | cross | crosswalk | person | intersection | man | pavement | road | street corner | walk | woman,"8 person, 2 car"
156,2254.jpg,car | city street | cross | crosswalk | person | intersection | man | pavement | pedestrian | road | street corner | walk,"7 person, 2 car"
157,2268.jpg,building | car | city street | cross | crosswalk | person | intersection | man | pavement | pedestrian | road | street corner | walk,"7 person, 2 car"
158,2282.jpg,building | car | city street | cross | crosswalk | person | intersection | pavement | road | street corner | street sign | walk,"8 person, 2 car"
159,2296.jpg,building | car | city street | cross | crosswalk | person | intersection | pavement | road | street corner | street sign | traffic sign | walk,"8 person, 2 car, 1 bench"
160,2310.jpg,building | car | city street | cross | crosswalk | person | intersection | pavement | road | street corner | street sign | traffic sign | walk,"7 person, 3 car"
161,2324.jpg,car | city street | cross | crosswalk | person | intersection | pavement | road | street corner | street sign | walk,"8 person, 2 car"
162,2338.jpg,car | city street | cross | crosswalk | person | intersection | man | pavement | pedestrian | road | stand | street corner | street sign | traffic sign | walk,"8 person, 2 car"
163,2352.jpg,car | city street | cross | crosswalk | person | intersection | pavement | road | sign | street corner | street sign | traffic sign | walk,"8 person, 2 car"
164,2366.jpg,car | catch | city street | cross | crosswalk | person | intersection | man | pavement | road | sign | stand | street corner | street sign | walk,"7 person, 2 car"
165,2380.jpg,car | catch | city street | cross | crosswalk | person | intersection | man | pavement | road | sign | stand | street corner | street sign | walk,"5 person, 2 car, 1 traffic light"
166,2394.jpg,catch | city street | cross | crosswalk | person | man | pavement | road | sign | street corner | street sign | walk | woman,"6 person, 2 car"
167,2408.jpg,catch | city street | crosswalk | person | man | panel | pavement | road | sign | street corner | street sign | walk,"6 person, 2 car"
168,2422.jpg,catch | city street | cross | crosswalk | person | jog | man | pavement | road | sign | street corner | street sign | walk | woman,"8 person, 2 car, 1 teddy bear"
169,2436.jpg,catch | city street | cross | crosswalk | person | man | pavement | road | sign | street corner | street sign | walk,"8 person, 2 car"
170,2450.jpg,catch | chessboard | person | man | pavement | protester | road | sign | stand | street corner | street sign,"8 person, 3 car, 1 traffic light"
171,2464.jpg,boy | catch | chessboard | person | man | pavement | road | sign | street corner | street sign | walk,"9 person, 2 car"
172,2478.jpg,carry | catch | chessboard | chess | person | man | pavement | road | sign | street corner | street sign | walk,"10 person, 2 car"
173,2492.jpg,catch | chessboard | chess | cross | person | man | pavement | road | sign | stand | street corner | street sign | walk,"7 person, 3 car, 1 traffic light"
174,2506.jpg,catch | chessboard | chess | cross | person | man | pavement | road | sign | street corner | walk,"9 person, 2 car"
175,2520.jpg,car | catch | city street | cross | person | man | pavement | puddle | road | sign | street corner | walk,"6 person, 2 car"
176,2534.jpg,building | car | city street | cross | crosswalk | person | intersection | man | pavement | ride | road | street corner | walk,"5 person, 2 car"
177,2548.jpg,building | car | city street | crack | crosswalk | curb | intersection | pavement | road | street corner | street sign,"3 person, 2 car"
178,2562.jpg,building | car | city street | cross | crosswalk | person | intersection | man | pavement | road | sign | street corner | street sign | walk,"7 person, 2 car"
179,2576.jpg,bulletin board | car | city street | cross | crosswalk | person | man | pavement | road | sign | street corner | street sign | walk,"7 person, 2 car"
180,2590.jpg,carry | catch | cross | crosswalk | person | man | pavement | road | sign | street corner | street sign | walk,"7 person, 2 car"
181,2604.jpg,catch | chessboard | chess | cross | crosswalk | person | man | pavement | road | sign | street corner | walk,"8 person, 2 car"
182,2618.jpg,blue | carry | catch | city street | cross | crosswalk | person | jeans | man | pavement | pedestrian | road | shirt | sign | street corner | street sign | walk,"7 person, 3 car"
183,2632.jpg,blue | boy | car | city street | clean | cross | crosswalk | hose | person | intersection | man | swab | pavement | road | shirt | spray | street corner | walk | wash,"5 person, 4 car"
184,2646.jpg,car | city street | crack | cross | crosswalk | person | intersection | man | pavement | road | stand | street corner | street sign | walk,"8 person, 3 car"
185,2660.jpg,building | car | city street | crosswalk | curb | intersection | pavement | road | street corner | street sign,"7 person, 2 car"
186,2674.jpg,building | car | city street | crosswalk | curb | person | intersection | pavement | road | street corner | street sign,"7 person, 3 car"
187,2688.jpg,building | car | city street | crosswalk | curb | person | intersection | pavement | road | street corner | street sign | walk,"7 person, 2 car"
188,2702.jpg,building | car | city street | cross | crosswalk | curb | person | intersection | pavement | road | street corner | street sign | walk,"9 person, 2 car"
189,2716.jpg,bicycle | biker | bike lane | building | car | city street | cross | crosswalk | person | intersection | man | pavement | ride | road | street corner,"12 person, 2 car"
190,2730.jpg,bicycle | biker | bike lane | car | city street | cross | crosswalk | person | intersection | man | motorcycle | ride | road | scooter | street corner,"8 person, 2 car"
191,2744.jpg,bicycle | biker | bike lane | car | city street | cross | crosswalk | person | intersection | man | ride | road | street corner,"8 person, 2 car, 1 motorcycle"
192,2758.jpg,bicycle | car | city street | cross | crosswalk | person | intersection | man | motorbike | motorcycle | ride | road | scooter | street corner | woman,"10 person, 2 car, 1 motorcycle"
193,2772.jpg,building | car | city street | cross | crosswalk | person | intersection | pavement | road | street corner | street sign | walk,"7 person, 2 car"
194,2786.jpg,building | car | city street | cross | crosswalk | person | intersection | pavement | road | street corner | street sign | walk,"9 person, 2 car"
195,2800.jpg,car | city street | cross | crosswalk | person | intersection | man | pavement | road | street corner | walk,"8 person, 2 car"
196,2814.jpg,car | city street | cross | crosswalk | person | intersection | pavement | pedestrian | road | street corner | walk,"5 person, 2 car"
197,2828.jpg,car | city street | cross | crosswalk | person | intersection | man | ride | road | skateboarder | street corner | walk | woman,"6 person, 2 car"
198,2842.jpg,briefcase | car | city street | cross | crosswalk | person | intersection | man | pavement | road | street corner | walk | woman,"6 person, 2 car, 2 handbag, 1 suitcase, 1 skateboard"
199,2856.jpg,boy | city street | cross | crosswalk | person | man | pavement | puddle | road | street corner | walk,"6 person, 2 car, 1 backpack, 1 handbag"
200,2870.jpg,ball | bowling ball | boy | crack | cross | crosswalk | person | man | pavement | road | street corner | walk | woman,"5 person, 2 car, 1 backpack, 2 handbag"
201,2884.jpg,bag | city street | cross | crosswalk | pavement | road | sandal | street corner | walk | woman,"7 person, 2 car, 1 backpack"
202,2898.jpg,bag | car | city street | cross | crosswalk | curb | floor | person | man | pavement | road | street corner | walk,"5 person, 2 car, 1 backpack"
203,2912.jpg,building | car | city street | crack | crosswalk | curb | person | intersection | pavement | road | street corner | street sign | walk,"4 person, 2 car"
204,2926.jpg,car | city street | crack | cross | crosswalk | person | intersection | man | pavement | pedestrian | road | street corner | street sign | walk | woman,"5 person, 3 car"
205,2940.jpg,blue | car | city street | clean | crack | cross | crosswalk | person | intersection | man | pavement | pole | road | shirt | spray | street corner | street sign | walk | wash,"6 person, 2 car"
206,2954.jpg,blue | car | city street | crack | cross | crosswalk | person | intersection | man | pavement | road | shirt | spray | street corner | walk | wash,"6 person, 2 car"
207,2968.jpg,blue | car | city street | crack | cross | crosswalk | person | intersection | man | pavement | pedestrian | road | shirt | street corner | walk,"8 person, 3 car"
208,2982.jpg,car | city street | cross | crosswalk | person | intersection | man | pavement | pedestrian | road | street corner | walk,"6 person, 3 car"
209,2996.jpg,car | city street | cross | crosswalk | person | intersection | man | pavement | pedestrian | road | street corner | walk,"4 person, 2 car"
210,3010.jpg,car | city street | cross | crosswalk | person | intersection | man | pavement | pedestrian | road | street corner | walk,"6 person, 2 car"
211,3024.jpg,ambulance | building | car | city street | cross | crosswalk | drive | person | intersection | man | police van | pavement | road | street corner | suv | walk,"5 person, 4 car"
212,3038.jpg,building | car | city street | crosswalk | curb | drive | person | intersection | license plate | pavement | road | street corner | suv | vehicle | walk,"7 person, 3 car"
213,3052.jpg,car | city street | crosswalk | curb | drive | person | intersection | license plate | road | street corner | suv | vehicle | white,"6 person, 3 car"
214,3066.jpg,taxi | car | city street | curb | drive | intersection | license plate | road | street corner | suv | vehicle | white | writing,"7 person, 5 car"
215,3080.jpg,car | city street | curb | drive | intersection | license plate | police van | road | street corner | suv | writing,"1 person, 4 car"
216,3094.jpg,car | city | city street | cross | crosswalk | person | intersection | pavement | pedestrian | road | street corner | walk,"5 person, 1 bicycle, 3 car"
217,3108.jpg,building | car | city street | cross | crosswalk | person | intersection | pavement | pedestrian | road | street corner | walk,"5 person, 1 bicycle, 2 car"
218,3122.jpg,car | city street | cross | crosswalk | person | intersection | pavement | pedestrian | ride | road | street corner | walk,"6 person, 2 car"
219,3136.jpg,car | city street | cross | crosswalk | person | intersection | man | motorcycle | pavement | pedestrian | ride | road | scooter | street corner | walk,"6 person, 1 bicycle, 2 car"
220,3150.jpg,bicycle | biker | car | city street | cross | crosswalk | person | intersection | man | motorcycle | pedestrian | ride | road | street corner | walk,"8 person, 2 car, 1 motorcycle"
221,3164.jpg,car | city street | cross | crosswalk | person | intersection | man | motorbike | motorcycle | motorcyclist | pedestrian | ride | road | scooter | walk | zebra crossing,"6 person, 2 car, 1 motorcycle"
222,3178.jpg,bicycle | city street | cross | crosswalk | person | intersection | man | moped | motorbike | motorcycle | ride | road | scooter | woman | zebra crossing,"7 person, 2 car, 1 motorcycle"
223,3192.jpg,car | city street | cross | crosswalk | person | intersection | man | pedestrian | road | shirt | walk | woman | yellow | zebra crossing,"8 person, 2 car"
224,3206.jpg,car | city street | cross | crosswalk | person | man | pavement | road | street corner | walk | woman | yellow,"9 person, 2 car, 1 handbag"
225,3220.jpg,city street | cross | crosswalk | person | man | pavement | road | shirt | street corner | walk | woman | yellow,"6 person, 2 car"
226,3234.jpg,car | city street | cross | crosswalk | person | intersection | jog | man | pavement | pedestrian | road | street corner | walk,"7 person, 2 car, 1 skateboard"
227,3248.jpg,car | city street | cross | crosswalk | person | intersection | pavement | road | street corner | walk | woman | zebra crossing,"4 person, 3 car"
228,3262.jpg,car | city street | cross | crosswalk | person | intersection | man | pavement | road | skateboarder | street corner | walk,"7 person, 4 car"
229,3276.jpg,car | city street | cross | crosswalk | person | skate | man | pavement | road | skateboard | skateboarder | street corner | walk,"6 person, 5 car"
230,3290.jpg,car | city street | cross | crosswalk | person | intersection | man | pavement | pedestrian | road | street corner | walk,"6 person, 4 car"
231,3304.jpg,car | city street | cross | crosswalk | person | intersection | man | pavement | road | shirt | street corner | walk | woman,"4 person, 5 car"
232,3318.jpg,car | city street | cross | crosswalk | person | leash | man | pavement | road | shirt | street corner | tight | walk | woman,"2 person, 7 car"
233,3332.jpg,cane | car | city street | cross | person | leash | man | pavement | road | shirt | street corner | walk,"3 person, 4 car"
234,3346.jpg,boy | city street | crack | cross | crosswalk | hose | person | man | pavement | road | spray | street corner | walk,"6 person, 2 car"
235,3360.jpg,car | city street | cross | crosswalk | person | intersection | man | pavement | road | street corner | walk,"6 person, 3 car"
236,3374.jpg,car | city street | cross | crosswalk | person | intersection | man | pavement | pedestrian | road | street corner | walk,"5 person, 2 car"
237,3388.jpg,car | city street | cross | crosswalk | person | intersection | jog | man | pavement | road | street corner | walk | woman,"6 person, 2 car"
238,3402.jpg,car | city street | cross | crosswalk | person | intersection | jog | man | pavement | pedestrian | road | street corner | walk | woman,"6 person, 2 car"
239,3416.jpg,car | city street | cross | crosswalk | person | intersection | jog | man | road | street corner | walk | woman,"5 person, 1 bicycle, 2 car"
240,3430.jpg,biker | car | city street | cross | crosswalk | person | intersection | jog | man | pedestrian | road | street corner | walk,"6 person, 2 bicycle, 2 car"
241,3444.jpg,bicycle | biker | car | city street | cross | crosswalk | person | man | pavement | road | street corner | walk,"3 person, 1 bicycle, 2 car"
242,3458.jpg,boy | car | city street | cross | crosswalk | person | man | pavement | road | street corner | walk,"4 person, 3 car"
243,3472.jpg,car | city street | cross | crosswalk | person | intersection | man | pavement | road | street corner | suv | walk | woman,"1 person, 2 car"
244,3486.jpg,building | car | city street | crosswalk | curb | drive | intersection | license plate | minivan | pavement | road | sedan | silver | street corner | suv,"1 person, 3 car"
245,3500.jpg,building | car | city street | curb | drive | intersection | license plate | minivan | park | pavement | road | sedan | silver | street corner | suv,3 car
246,3514.jpg,building | car | city street | crosswalk | curb | drive | intersection | pavement | road | street corner | street sign | suv,"2 person, 3 car"
247,3528.jpg,building | car | city street | crosswalk | curb | drive | intersection | pavement | road | street corner | street sign,"3 person, 2 car"
248,3542.jpg,building | car | city street | crosswalk | curb | drive | intersection | pavement | road | street corner | street sign,"2 person, 2 car"
249,3556.jpg,building | car | city street | crack | crosswalk | curb | drive | intersection | pavement | road | street corner | street sign,"3 person, 2 car"
250,3570.jpg,building | car | city street | crack | crosswalk | curb | drive | intersection | pavement | road | street corner | street sign,"2 person, 3 car"
251,3584.jpg,building | car | city street | crack | crosswalk | curb | drive | intersection | pavement | road | street corner | street sign,"2 person, 2 car"
252,3598.jpg,building | car | city street | crack | crosswalk | curb | drive | intersection | pavement | road | street corner | street sign,"2 person, 2 car"
253,3612.jpg,building | car | city street | crack | crosswalk | curb | intersection | pavement | road | street corner | street sign,"3 person, 2 car"
254,3626.jpg,building | car | city street | crack | crosswalk | curb | drive | intersection | pavement | road | street corner | street sign,"3 person, 2 car"
255,3640.jpg,building | car | city street | crack | cross | crosswalk | curb | intersection | pavement | road | street corner | street sign,"2 person, 2 car"
256,3654.jpg,building | car | city street | crack | cross | crosswalk | person | intersection | man | pavement | road | street corner | walk,"2 person, 2 car"
257,3668.jpg,building | car | city street | cross | crosswalk | person | intersection | man | pavement | pedestrian | road | street corner | walk,"2 person, 2 car"
258,3682.jpg,car | city street | crack | cross | crosswalk | person | intersection | man | pavement | pedestrian | road | street corner | walk,"3 person, 2 car"
259,3696.jpg,boy | city street | cross | crosswalk | person | man | pavement | ride | road | scooter | skateboard | skateboarder | street corner | walk,"4 person, 2 car"
260,3710.jpg,car | city street | crack | cross | crosswalk | person | intersection | man | pavement | road | street corner | walk,"4 person, 2 car"
261,3724.jpg,car | city street | cross | crosswalk | person | intersection | man | pavement | road | spray | street corner | walk,"4 person, 2 car"
262,3738.jpg,car | city street | cross | crosswalk | person | intersection | man | pavement | pedestrian | road | street corner | walk,"5 person, 3 car"
263,3752.jpg,car | city street | cross | crosswalk | person | intersection | man | pavement | pedestrian | road | street corner | walk | woman,"4 person, 2 car"
264,3766.jpg,city street | cross | crosswalk | person | intersection | man | pant | pavement | pedestrian | road | street corner | walk | white | woman,"5 person, 2 car"
265,3780.jpg,city street | cross | crosswalk | person | intersection | man | pavement | pedestrian | puddle | road | street corner | walk | white | woman,"6 person, 2 car"
266,3794.jpg,car | city street | cross | crosswalk | person | intersection | man | pavement | pedestrian | road | street corner | walk | woman | zebra crossing,"5 person, 3 car, 1 skateboard"
267,3808.jpg,car | city street | cross | crosswalk | person | intersection | man | pavement | pedestrian | road | street corner | walk,"4 person, 3 car, 1 handbag"
268,3822.jpg,business suit | car | city street | cross | crosswalk | person | intersection | man | pavement | pedestrian | road | street corner | walk,"7 person, 4 car, 1 backpack, 1 handbag"
269,3836.jpg,car | city street | cross | crosswalk | person | intersection | man | pavement | pedestrian | road | street corner | walk,"7 person, 3 car, 1 backpack, 1 handbag, 1 skateboard"
270,3850.jpg,car | city street | cross | crosswalk | person | intersection | man | pavement | pedestrian | road | street corner | walk,"4 person, 4 car, 1 handbag, 1 skateboard"
271,3864.jpg,car | city street | cross | crosswalk | person | intersection | man | pavement | pedestrian | road | street corner | walk | zebra crossing,"4 person, 2 car, 1 handbag"
272,3878.jpg,car | city street | cross | crosswalk | person | intersection | man | pavement | pedestrian | road | street corner | walk,"3 person, 2 car"
273,3892.jpg,car | city street | cross | crosswalk | person | intersection | man | pavement | pedestrian | road | street corner | walk,"4 person, 2 car, 1 handbag"
274,3906.jpg,building | car | city street | cross | crosswalk | person | intersection | man | pavement | pedestrian | road | street corner | walk,"4 person, 2 car"
275,3920.jpg,car | city street | cross | crosswalk | person | intersection | man | pavement | road | stand | street corner | walk,"2 person, 2 car"
276,3934.jpg,building | car | city street | cross | crosswalk | person | intersection | pavement | road | street corner | street sign | walk,"7 person, 2 car"
277,3948.jpg,car | city street | cross | crosswalk | person | intersection | pavement | road | street corner | walk,"7 person, 2 car"
278,3962.jpg,bicycle | biker | bike lane | car | city street | cross | crosswalk | person | intersection | man | pavement | ride | road | street corner,"7 person, 1 bicycle, 2 car, 1 motorcycle"
279,3976.jpg,bicycle | biker | car | city street | cross | crosswalk | person | intersection | man | pedestrian | ride | road | street corner,"7 person, 1 bicycle, 2 car, 1 motorcycle"
280,3990.jpg,car | city street | cross | crosswalk | person | intersection | man | pavement | pedestrian | road | street corner | walk | zebra crossing,"6 person, 2 car"
281,4004.jpg,car | city street | cross | crosswalk | person | intersection | man | pavement | road | stand | street corner | walk | woman,"4 person, 2 car"
282,4018.jpg,car | city street | cross | crosswalk | person | intersection | man | pavement | road | stand | street corner | walk,"8 person, 2 car"
283,4032.jpg,car | city street | cross | crosswalk | person | intersection | jog | pavement | road | street corner | street sign | walk | woman,"5 person, 2 car"
284,4046.jpg,car | city street | cross | crosswalk | person | jog | man | pavement | road | street corner | walk | woman,"7 person, 2 car"
285,4060.jpg,car | city street | cross | crosswalk | person | man | pavement | pedestrian | road | street corner | walk | woman,"10 person, 2 car"
286,4074.jpg,building | car | city street | crack | crosswalk | curb | drive | intersection | pavement | road | street corner | street sign,"8 person, 2 car"
287,4088.jpg,building | car | city street | crack | crosswalk | curb | person | intersection | pavement | road | street corner | street sign,"10 person, 2 car"
288,4102.jpg,car | city street | crack | cross | crosswalk | person | intersection | pavement | road | street corner | street sign | walk,"10 person, 2 car, 1 traffic light"
289,4116.jpg,car | city street | cross | crosswalk | person | intersection | man | pavement | ride | road | street corner | walk,"10 person, 2 car, 1 traffic light"
290,4130.jpg,city street | cross | crosswalk | person | man | pavement | road | shirt | street corner | walk,"7 person, 2 car, 1 traffic light, 1 handbag"
291,4144.jpg,blue | cane | city street | cross | crosswalk | person | man | pavement | road | shirt | street corner | walk | woman,"5 person, 2 car, 1 handbag"
292,4158.jpg,city street | cross | crosswalk | person | intersection | man | pavement | road | street corner | walk | woman,"5 person, 2 car, 1 handbag"
293,4172.jpg,car | city street | cross | crosswalk | person | intersection | man | pavement | pedestrian | road | skateboarder | street corner | walk | woman,"6 person, 2 car"
294,4186.jpg,car | city street | cross | crosswalk | person | intersection | man | pavement | pedestrian | road | street corner | walk | woman,"6 person, 2 car"
295,4200.jpg,city street | cross | crosswalk | dress | person | man | pavement | pedestrian | puddle | road | street corner | walk | woman,"6 person, 2 car"
296,4214.jpg,city street | cross | crosswalk | person | intersection | man | pavement | pedestrian | road | street corner | walk | woman,"7 person, 2 car"
297,4228.jpg,car | city street | cross | crosswalk | person | intersection | man | pavement | pedestrian | road | street corner | walk | woman,"8 person, 2 car"
298,4242.jpg,car | city street | cross | crosswalk | person | intersection | man | pavement | pedestrian | road | shirt | street corner | walk,"6 person, 3 car"
299,4256.jpg,car | city street | cross | crosswalk | person | intersection | man | pedestrian | road | shirt | walk,"8 person, 2 car"
300,4270.jpg,blue | car | city street | cross | crosswalk | person | khaki | man | pavement | road | shirt | street corner | walk,"8 person, 2 car"
301,4284.jpg,blue | car | city street | cross | crosswalk | person | man | pavement | road | shirt | street corner | walk,"10 person, 2 car"
302,4298.jpg,car | city street | cross | crosswalk | girl | person | pavement | road | shopping bag | street corner | walk | woman,"8 person, 3 car, 2 handbag"
303,4312.jpg,car | city street | cross | crosswalk | dress | girl | person | pavement | road | shopping bag | street corner | walk | woman,"9 person, 4 car"
